[
    {
        "question": "Which tag is used to create a hyperlink in HTML?",
        "options": [
            "<link>",
            "<a>",
            "<href>",
            "<url>"
        ],
        "correctIndex": 1
    },
    {
        "question": "What does CSS stand for?",
        "options": [
            "Computer Style Sheets",
            "Creative Style Sheets",
            "Cascading Style Sheets",
            "Colorful Style Sheets"
        ],
        "correctIndex": 2
    },
    {
        "question": "Which of the following is not a JavaScript data type?",
        "options": [
            "String",
            "Boolean",
            "Float",
            "Undefined"
        ],
        "correctIndex": 2
    }
]